Model,Test Accuracy,F1-Score,ROC-AUC,MAE,RMSE
CNN_1D_Classifier,0.6875,0.6831481481481482,0.8616898148148149,0.4166666666666667,0.7905694150420949
CNN_1D_GRU_Classifier,0.5416666666666666,0.5554545454545454,0.8194444444444444,0.6041666666666666,0.9682458365518543
