Model,Test Accuracy,F1-Score,ROC-AUC,MAE,RMSE
CNN_1D_Classifier,0.7083333333333334,0.7237227345922999,0.875,0.3333333333333333,0.67700320038633
CNN_1D_GRU_Classifier,0.5416666666666666,0.6035627530364372,0.8038194444444444,0.4791666666666667,0.82915619758885
